Title,Date
"Suits: Season 3: Bad Faith","24/05/2023"
"Suits: Season 3: Endgame","24/05/2023"
"How to Get Away With Murder: Season 4: Stay Strong, Mama","24/05/2023"
"How to Get Away With Murder: Season 4: I Love Her","23/05/2023"
"How to Get Away With Murder: Season 4: Was She Ever Good at Her Job?","23/05/2023"
"How to Get Away With Murder: Season 4: It's for the Greater Good","23/05/2023"
"How to Get Away With Murder: Season 4: I'm Not Her","23/05/2023"
"How to Get Away With Murder: Season 4: I'm Going Away","23/05/2023"
"How to Get Away With Murder: Season 3: Wes","22/05/2023"
"How to Get Away With Murder: Season 3: He Made a Terrible Mistake","22/05/2023"
"How to Get Away With Murder: Season 3: It's War","22/05/2023"
"How to Get Away With Murder: Season 3: Go Cry Somewhere Else","22/05/2023"
"How to Get Away With Murder: Season 3: Not Everything's About Annalise","22/05/2023"
"How to Get Away With Murder: Season 3: We're Bad People","22/05/2023"
"How to Get Away With Murder: Season 3: Who's Dead?","22/05/2023"
"How to Get Away With Murder: Season 3: No More Blood","22/05/2023"
"How to Get Away With Murder: Season 3: Call It Mother's Intuition","22/05/2023"
"How to Get Away With Murder: Season 3: Is Someone Really Dead?","22/05/2023"
"How to Get Away With Murder: Season 3: It's About Frank","22/05/2023"
"How to Get Away With Murder: Season 3: Don't Tell Annalise","22/05/2023"
"How to Get Away With Murder: Season 3: Always Bet Black","22/05/2023"
"How to Get Away With Murder: Season 3: There Are Worse Things Than Murder","21/05/2023"
"How to Get Away With Murder: Season 3: We're Good People Now","21/05/2023"
"How to Get Away With Murder: Season 2: Anna Mae","21/05/2023"
"How to Get Away With Murder: Season 2: There's My Baby","21/05/2023"
"How to Get Away With Murder: Season 2: Something Bad Happened","20/05/2023"
"How to Get Away With Murder: Season 2: It's a Trap","20/05/2023"
"How to Get Away With Murder: Season 2: She Hates Us","20/05/2023"
"How to Get Away With Murder: Season 2: What Happened to You, Annalise?","20/05/2023"
"How to Get Away With Murder: Season 2: What Did We Do?","20/05/2023"
"How to Get Away With Murder: Season 2: Hi, I'm Philip","20/05/2023"
"How to Get Away With Murder: Season 2: I Want You to Die","20/05/2023"
"How to Get Away With Murder: Season 2: Two Birds, One Millstone","19/05/2023"
"How to Get Away With Murder: Season 2: Meet Bonnie","19/05/2023"
"How to Get Away With Murder: Season 2: Skanks Get Shanked","19/05/2023"
"How to Get Away With Murder: Season 2: It's Called the Octopus","19/05/2023"
"How to Get Away With Murder: Season 2: She's Dying","19/05/2023"
"How to Get Away With Murder: Season 2: It's Time to Move On","19/05/2023"
"How to Get Away With Murder: Season 1: It's All My Fault","19/05/2023"
"How to Get Away With Murder: Season 1: The Night Lila Died","19/05/2023"
"How to Get Away With Murder: Season 1: Mama's Here Now","19/05/2023"
"How to Get Away With Murder: Season 1: She's a Murderer","19/05/2023"
"How to Get Away With Murder: Season 1: Best Christmas Ever","19/05/2023"
"How to Get Away With Murder: Season 1: Hello Raskolnikov","17/05/2023"
"How to Get Away With Murder: Season 1: Kill Me, Kill Me, Kill Me","17/05/2023"
"How to Get Away With Murder: Season 1: He Has a Wife","17/05/2023"
"Suits: Season 3: She's Mine","17/05/2023"
"Black Mirror: Season 3: Men Against Fire","15/05/2023"
"How to Get Away With Murder: Season 1: He Deserved to Die","14/05/2023"
"How to Get Away With Murder: Season 1: Freakin' Whack-a-Mole","14/05/2023"
"How to Get Away With Murder: Season 1: We're Not Friends","14/05/2023"
"How to Get Away With Murder: Season 1: Let's Get to Scooping","14/05/2023"
"How to Get Away With Murder: Season 1: Smile, or Go to Jail","14/05/2023"
"How to Get Away With Murder: Season 1: It's All Her Fault","14/05/2023"
"How to Get Away With Murder: Season 1: Pilot","14/05/2023"
"Rhythm + Flow: New York Auditions","11/05/2023"
"Rhythm + Flow: Los Angeles Auditions","11/05/2023"
"Inside Job: Part 2: Appleton","10/05/2023"
"Inside Job: Part 2: Project Reboot","10/05/2023"
"Inside Job: Part 2: Rontagion","10/05/2023"
"Suits: Season 3: The Other Time","10/05/2023"
"Suits: Season 3: Shadow of a Doubt","10/05/2023"
"Suits: Season 3: Conflict of Interest","10/05/2023"
"Inside Job: Part 2: Brettwork","09/05/2023"
"Suits: Season 3: Unfinished Business","09/05/2023"
"Suits: Season 3: I Want You to Want Me","09/05/2023"
"Inside Job: Part 2: We Found Love in a Popeless Place","09/05/2023"
"Inside Job: Part 2: Reagan & Mychelle's Hive School Reunion","09/05/2023"
"Inside Job: Part 2: Whoas-Feratu","09/05/2023"
"Suits: Season 3: The Arrangement","09/05/2023"
"Inside Job: Part 2: How Reagan Got Her Grove Back","09/05/2023"
"Suits: Season 2: War","09/05/2023"
"Inside Job: Part 1: Inside Reagan","07/05/2023"
"Inside Job: Part 1: Mole Hunt","07/05/2023"
"Inside Job: Part 1: Buzzkill","07/05/2023"
"Suits: Season 2: Normandy","07/05/2023"
"Inside Job: Part 1: Ghost Protocol","06/05/2023"
"Suits: Season 2: He's Back","06/05/2023"
"Suits: Season 2: Zane Vs. Zane","06/05/2023"
"Inside Job: Part 1: My Big Flat Earth Wedding","04/05/2023"
"Suits: Season 2: Blood in the Water","04/05/2023"
"Suits: Season 2: Blind-Sided","04/05/2023"
"Suits: Season 2: High Noon","04/05/2023"
"Inside Job: Part 1: The Brettfast Club","03/05/2023"
"Inside Job: Part 1: Sex Machina","02/05/2023"
"Inside Job: Part 1: Blue Bloods","02/05/2023"
"Inside Job: Part 1: Clone Gunman","02/05/2023"
"Inside Job: Part 1: Unpresidented","02/05/2023"
"The Social Network","01/05/2023"
"Suits: Season 2: Asterisk","30/04/2023"
"Suits: Season 2: Rewind","29/04/2023"
"Black Mirror: Season 3: San Junipero","23/04/2023"
"Suits: Season 2: Sucker Punch","22/04/2023"
"Suits: Season 2: All In","22/04/2023"
"Suits: Season 2: Break Point","20/04/2023"
"Suits: Season 2: Discovery","20/04/2023"
"Suits: Season 2: Meet the New Boss","20/04/2023"
"Suits: Season 2: The Choice","20/04/2023"
"Suits: Season 2: She Knows","20/04/2023"
"Suits: Season 1: Dog Fight","20/04/2023"
"Suits: Season 1: Rules of the Game","20/04/2023"
"Suits: Season 1: The Shelf Life","19/04/2023"
"Suits: Season 1: Undefeated","19/04/2023"
"Suits: Season 1: Identity Crisis","19/04/2023"
"Suits: Season 1: Play the Man","18/04/2023"
"Suits: Season 1: Tricks of the Trade","17/04/2023"
"Suits: Season 1: Bail Out","17/04/2023"
"Suits: Season 1: Dirty Little Secrets","16/04/2023"
"Suits: Season 1: Inside Track","16/04/2023"
"Suits: Season 1: Errors and Omissions","16/04/2023"
"Suits: Season 1: Pilot Part 1 & 2","16/04/2023"
"Fate: The Winx Saga: Season 2: All the Wild Witches","15/04/2023"
"Fate: The Winx Saga: Season 2: Poor Unfortunate Souls","15/04/2023"
"Fate: The Winx Saga: Season 2: Are You a Good Witch or a Bad Witch?","15/04/2023"
"Black Mirror: Season 3: Shut Up and Dance","10/04/2023"
"Black Mirror: Season 3: Playtest","10/04/2023"
"Black Mirror: Season 3: Nosedive","10/04/2023"
"Black Mirror: Season 2: White Christmas","10/04/2023"
"Black Mirror: Season 2: The Waldo Moment","10/04/2023"
"Black Mirror: Season 2: White Bear","10/04/2023"
"Black Mirror: Season 2: Be Right Back","10/04/2023"
"Black Mirror: Bandersnatch","09/04/2023"
"Black Mirror: Season 1: The Entire History of You","09/04/2023"
"Fate: The Winx Saga: Season 2: An Hour Before the Devil Fell","07/04/2023"
"Black Mirror: Season 1: Fifteen Million Merits","06/04/2023"
"Black Mirror: Season 1: The National Anthem","06/04/2023"
"Black Mirror: Season 5: Striking Vipers","06/04/2023"
"Fate: The Winx Saga: Season 2: Your Newfound Popularity","05/04/2023"
"Fate: The Winx Saga: Season 2: Taken By The Wind","04/04/2023"
"Fate: The Winx Saga: Season 2: Low-Flying Panic Attack","04/04/2023"
"Fate: The Winx Saga: Season 1: A Fanatic Heart","03/04/2023"
"Fate: The Winx Saga: Season 1: Wither Into the Truth","03/04/2023"
"Fate: The Winx Saga: Season 1: Some Wrecked Angel","03/04/2023"
"Perfect Match: Season 1: It's About the Chase","28/03/2023"
"RuPaul's Drag Race: Season 11: Whatcha Unpackin?","28/03/2023"
"Fate: The Winx Saga: Season 1: Heavy Mortal Hopes","27/03/2023"
"Fate: The Winx Saga: Season 1: No Strangers Here","27/03/2023"
"Fate: The Winx Saga: Season 1: To the Waters and the Wild","25/03/2023"
"Sex Education: Season 2: Episode 8","21/03/2023"
"Sex Education: Season 2: Episode 7","21/03/2023"
"Sex Education: Season 2: Episode 6","21/03/2023"
"Sex Education: Season 2: Episode 5","20/03/2023"
"Sex Education: Season 2: Episode 4","18/03/2023"
"Sex Education: Season 2: Episode 3","18/03/2023"
"Sex Education: Season 2: Episode 2","18/03/2023"
"Sex Education: Season 2: Episode 1","17/03/2023"
"Dynasty: Season 3: Guilt Trip to Alaska","16/03/2023"
"Riverdale: Season 1: Chapter Two: Touch of Evil","15/03/2023"
"Riverdale: Season 1: Chapter One: The River's Edge","15/03/2023"
"Sex/Life: Season 2: Heavenly Day","15/03/2023"
"Sex/Life: Season 2: Future Starts Today","15/03/2023"
"Sex/Life: Season 2: The Weakness in Me","15/03/2023"
"Sex/Life: Season 2: Seasons of Love","14/03/2023"
"Sex/Life: Season 2: Georgia on My Mind","14/03/2023"
"Sex/Life: Season 2: Welcome to New York","13/03/2023"
"Sex/Life: Season 1: This Must Be the Place","13/03/2023"
"Sex/Life: Season 1: Small Town Saturday Night","13/03/2023"
"Sex/Life: Season 1: Somewhere Only We Know","13/03/2023"
"Sex/Life: Season 1: The Sound of the Suburbs","13/03/2023"
"Sex/Life: Season 1: New New York","13/03/2023"
"Sex/Life: Season 1: Empire State of Mind","13/03/2023"
"Sex/Life: Season 1: Down in the Tube Station at Midnight","13/03/2023"
"Sex/Life: Season 1: The Wives Are in Connecticut","12/03/2023"
"Girl from Nowhere: Season 2: The Judgement","12/03/2023"
"Girl from Nowhere: Season 2: JennyX","12/03/2023"
"Girl from Nowhere: Season 2: Liberation","12/03/2023"
"Pitch Perfect 2","11/03/2023"
"Perfect Match: Season 1: Love Is the End Game","11/03/2023"
"Girl from Nowhere: Season 2: SOTUS","11/03/2023"
"Girl from Nowhere: Season 2: Yuri","11/03/2023"
"Girl from Nowhere: Season 2: Minnie and the Four Bodies","10/03/2023"
"Girl from Nowhere: Season 2: True Love","09/03/2023"
"Girl from Nowhere: Season 2: Pregnant","09/03/2023"
"Girl from Nowhere: Season 1: BFF Part 2","09/03/2023"
"Girl from Nowhere: Season 1: BFF Part 1","08/03/2023"
"Girl from Nowhere: Season 1: The Rank","05/03/2023"
"Girl from Nowhere: Season 1: Thank You Teacher","05/03/2023"
"Girl from Nowhere: Season 1: Trap","05/03/2023"
"Girl from Nowhere: Season 1: Lost & Found","04/03/2023"
"Girl from Nowhere: Season 1: Wonderwall Part 2","04/03/2023"
"Girl from Nowhere: Season 1: Wonderwall Part 1","04/03/2023"
"Girl from Nowhere: Season 1: Social Love","03/03/2023"
"Girl from Nowhere: Season 1: Hi-So","03/03/2023"
"Girl from Nowhere: Season 1: Trophy","02/03/2023"
"Girl from Nowhere: Season 1: Apologies","01/03/2023"
"Girl from Nowhere: Season 1: The Ugly Truth","28/02/2023"
"Cyberpunk: Edgerunners: Let You Down","26/02/2023"
"Kakegurui: Episode 1","25/02/2023"
"Pitch Perfect","20/02/2023"
"He's All That","03/02/2023"
"Trust","03/02/2023"
"Do Revenge","01/02/2023"
"Hereditary","29/01/2023"
"Record of Ragnarok: Season 2: The Brink","29/01/2023"
"Record of Ragnarok: Season 2: Resonance","29/01/2023"
"Record of Ragnarok: Season 2: The Pinnacle of 1116","29/01/2023"
"Record of Ragnarok: Season 2: Hundred Seals","29/01/2023"
"Record of Ragnarok: Season 2: Conflicting Motives","27/01/2023"
"Record of Ragnarok: Season 2: Requiem","27/01/2023"
"Record of Ragnarok: Season 2: The Final Labor","27/01/2023"
"Record of Ragnarok: Season 2: Birth of a Monster","27/01/2023"
"Record of Ragnarok: Season 2: The Indomitable War God","26/01/2023"
"Record of Ragnarok: Season 2: Good vs. Evil","26/01/2023"
"Easy A","17/01/2023"
"Ginny & Georgia: Season 1: Pilot","14/01/2023"
"Wednesday: Season 1: A Murder of Woes","29/12/2022"
"Wednesday: Season 1: If You Don't Woe Me by Now","29/12/2022"
"Wednesday: Season 1: Quid Pro Woe","29/12/2022"
"Love Hard","27/12/2022"
"Wednesday: Season 1: You Reap What You Woe","25/12/2022"
"Wednesday: Season 1: Woe What a Night","24/12/2022"
"Wednesday: Season 1: Friend or Woe","24/12/2022"
"Wednesday: Season 1: Woe Is the Loneliest Number","24/12/2022"
"Wednesday: Season 1: Wednesday's Child Is Full of Woe","22/12/2022"
"Entergalactic","19/12/2022"
"The Perfect Date","18/12/2022"
"6 Underground","08/12/2022"
"From Scratch: Limited Series: Aftertastes","06/12/2022"
"From Scratch: Limited Series: Between the Fire and the Pan","06/12/2022"
"From Scratch: Limited Series: Heirlooms","04/12/2022"
"From Scratch: Limited Series: Bread and Brine","04/12/2022"
"From Scratch: Limited Series: Bitter Almonds","04/12/2022"
"From Scratch: Limited Series: A Villa. A Broom. A Cake.","02/12/2022"
"From Scratch: Limited Series: Carne e Ossa","02/12/2022"
"From Scratch: Limited Series: First Tastes","02/12/2022"
"Slumberland","22/11/2022"
"Warrior Nun: Season 1: Ephesians 6:11","13/11/2022"
"Warrior Nun: Season 1: Proverbs 31:25","13/11/2022"
"Warrior Nun: Season 1: Psalm 46:5","12/11/2022"
"Big Mouth: Season 6: Asexual Healing","04/11/2022"
"Big Mouth: Season 6: Dadda Dia!","04/11/2022"
"Half Bad: The Bastard Son & The Devil Himself: Episode 8","04/11/2022"
"Half Bad: The Bastard Son & The Devil Himself: Episode 7","04/11/2022"
"Half Bad: The Bastard Son & The Devil Himself: Episode 6","04/11/2022"
"Half Bad: The Bastard Son & The Devil Himself: Episode 5","03/11/2022"
"Half Bad: The Bastard Son & The Devil Himself: Episode 4","03/11/2022"
"Half Bad: The Bastard Son & The Devil Himself: Episode 3","03/11/2022"
"Half Bad: The Bastard Son & The Devil Himself: Episode 2","03/11/2022"
"Half Bad: The Bastard Son & The Devil Himself: Episode 1","03/11/2022"
"The School for Good and Evil","03/11/2022"
"Big Mouth: Season 6: The Apple Brooch","03/11/2022"
"Big Mouth: Season 6: Andrew's Gonna Touch A Boob Tonight","03/11/2022"
"Big Mouth: Season 6: Rice Purity Test","03/11/2022"
"Big Mouth: Season 6: Vagina Shame","03/11/2022"
"Big Mouth: Season 6: Twenty Two and You","01/11/2022"
"Big Mouth: Season 6: The Hookup House","01/11/2022"
"Hasan Minhaj: The King's Jester","15/10/2022"
"Brightburn","15/10/2022"
"Mr. Harrigan's Phone","09/10/2022"
"The Seven Deadly Sins: Dragon's Judgement: From Purgatory","09/10/2022"
"DAHMER: Monster: The Jeffrey Dahmer Story: Please Don't Go","08/10/2022"
"DAHMER: Monster: The Jeffrey Dahmer Story: Episode One","07/10/2022"
"Zombieland: Double Tap","18/09/2022"
"Zombieland","18/09/2022"
"The Imperfects: Destroy All Monsters","12/09/2022"
"The Imperfects: All Monsters Attack","12/09/2022"
"The Imperfects: The Devil You Know","12/09/2022"
"The Imperfects: Cure All","12/09/2022"
"The Imperfects: Lest Ye Become a Monster","11/09/2022"
"The Imperfects: Zoe Must Be Destroyed","11/09/2022"
"The Imperfects: One of Us","11/09/2022"
"The Imperfects: Portland Warehouse Massacre","11/09/2022"
"The Imperfects: Doug of the Dead","11/09/2022"
"The Imperfects: Sarkov's Children","11/09/2022"
"Cobra Kai: Season 5: Molé","10/09/2022"
"Cobra Kai: Season 5: Long, Long Way From Home","10/09/2022"
"The Great Wall","04/09/2022"
"The Order: Season 2: New World Order, Part 2","01/09/2022"
"The Order: Season 2: New World Order, Part 1","01/09/2022"
"The Order: Season 2: Spring Outbreak, Part 2","31/08/2022"
"The Order: Season 2: Spring Outbreak, Part 1","30/08/2022"
"The Order: Season 2: The Commons, Part 2","30/08/2022"
"The Order: Season 2: The Commons, Part 1","30/08/2022"
"The Order: Season 2: Fear Itself, Part 2","30/08/2022"
"The Order: Season 2: Fear Itself, Part 1","30/08/2022"
"The Order: Season 2: Free Radicals, Part 2","29/08/2022"
"The Order: Season 2: Free Radicals, Part 1","29/08/2022"
"The Order: Season 1: Finals: Part 2","28/08/2022"
"The Order: Season 1: Finals: Part 1","28/08/2022"
"The Order: Season 1: Undeclared: Part 2","28/08/2022"
"The Order: Season 1: Undeclared: Part 1","28/08/2022"
"The Order: Season 1: Homecoming: Part 2","28/08/2022"
"The Order: Season 1: Homecoming: Part 1","28/08/2022"
"The Order: Season 1: Introduction to Ethics: Part 2","28/08/2022"
"The Order: Season 1: Introduction to Ethics: Part 1","28/08/2022"
"The Order: Season 1: Hell Week: Part 2","28/08/2022"
"The Order: Season 1: Hell Week: Part 1","26/08/2022"
"First Kill: First Betrayal","25/08/2022"
"First Kill: First Goodbye","24/08/2022"
"First Kill: First Severing","23/08/2022"
"First Kill: First Love","23/08/2022"
"First Kill: First Date","23/08/2022"
"First Kill: First Fight","23/08/2022"
"First Kill: First Blood","23/08/2022"
"First Kill: First Kiss","23/08/2022"
"Look Both Ways","21/08/2022"
"Never Have I Ever: Season 3: ...lived the dream","13/08/2022"
"Never Have I Ever: Season 3: …had an Indian boyfriend","13/08/2022"
"Never Have I Ever: Season 3: ...hooked up with my boyfriend","12/08/2022"
"Never Have I Ever: Season 3: ...cheated","12/08/2022"
"Never Have I Ever: Season 3: ...had a breakdown","12/08/2022"
"Never Have I Ever: Season 3: ...been ghosted","12/08/2022"
"Never Have I Ever: Season 3: ...made someone jealous","12/08/2022"
"Never Have I Ever: Season 3: …had a valentine","12/08/2022"
"Never Have I Ever: Season 3: ...had my own troll","12/08/2022"
"Never Have I Ever: Season 3: ...been slut-shamed","12/08/2022"
"Purple Hearts","31/07/2022"
"BAKI: Season 1: Part 2: Punishment","30/07/2022"
"BAKI: Season 1: Part 2: Saga","30/07/2022"
"BAKI: Season 1: Part 2: Admission of defeat","30/07/2022"
"Incantation","25/07/2022"
"The Sea Beast","24/07/2022"
"365 Days: This Day","23/07/2022"
"SpongeBob SquarePants: Season 9: Safe Deposit Krabs/Plankton’s Pet","23/07/2022"
"SpongeBob SquarePants: Season 9: Spongebob VS the Goo","23/07/2022"
"SpongeBob SquarePants: Season 9: Jailbreak!/Evil Spatula","23/07/2022"
"SpongeBob SquarePants: Season 9: Eek, An Urchin!/Squid's Defense","23/07/2022"
"SpongeBob SquarePants: Season 9: Little Yellow Book/Bumper to Bumper","23/07/2022"
"SpongeBob SquarePants: Season 9: License to Milkshake/Squid Baby","23/07/2022"
"SpongeBob SquarePants: Season 9: Patrick-Man!/Gary’s New Toy","23/07/2022"
"SpongeBob SquarePants: Season 9: Extreme Spots/Squirrel Record","23/07/2022"
"Pete Davidson Presents: The Best Friends","22/07/2022"
"BAKI: Season 1: Part 2: Thanks","11/07/2022"
"BAKI: Season 1: Part 2: Dad!!","11/07/2022"
"BAKI: Season 1: Part 2: Slash","11/07/2022"
"BAKI: Season 1: Part 2: Tremendous muscle power","11/07/2022"
"BAKI: Season 1: Part 2: Ungranted Freedom","11/07/2022"
"BAKI: Season 1: Part 1: Air Duel","11/07/2022"
"BAKI: Season 1: Part 1: Mr. Oliva","07/07/2022"
"BAKI: Season 1: Part 1: Candy","07/07/2022"
"BAKI: Season 1: Part 1: Tiger slayer","07/07/2022"
"Hello, Goodbye, and Everything in Between","07/07/2022"
"BAKI: Season 1: Part 1: Shaken Shinshinkai","02/07/2022"
"BAKI: Season 1: Part 1: A match Vs. a true fight","02/07/2022"
"BAKI: Season 1: Part 1: A formidable team","02/07/2022"
"BAKI: Season 1: Part 1: Sergeant Katahira’s Report","02/07/2022"
"BAKI: Season 1: Part 1: Want some more?","02/07/2022"
"BAKI: Season 1: Part 1: The Battle Begins","01/07/2022"
"BAKI: Season 1: Part 1: They're Finally Here!!","01/07/2022"
"BAKI: Season 1: Part 1: Dark Martial Arts","01/07/2022"
"BAKI: Season 1: Part 1: Synchronicity","01/07/2022"
"Titans: Season 3: Purple Rain","28/06/2022"
"Titans: Season 3: Prodigal","28/06/2022"
"Titans: Season 3: The Call Is Coming from Inside the House","28/06/2022"
"Titans: Season 3: Troubled Water","28/06/2022"
"Titans: Season 3: Souls","28/06/2022"
"Titans: Season 3: Home","28/06/2022"
"Titans: Season 3: 51%","28/06/2022"
"Titans: Season 3: Lady Vic","26/06/2022"
"Titans: Season 3: Lazarus","25/06/2022"
"Titans: Season 3: Blackfire","25/06/2022"
"Bo Burnham: Inside","24/06/2022"
"Titans: Season 3: Hank & Dove","20/06/2022"
"Titans: Season 3: Red Hood","16/06/2022"
"Titans: Season 3: Barbara Gordon","15/06/2022"
"Titans: Season 2: Nightwing","15/06/2022"
"Titans: Season 2: Faux-Hawk","15/06/2022"
"Titans: Season 2: E.L._.O.","15/06/2022"
"Titans: Season 2: Fallen","15/06/2022"
"Titans: Season 2: Atonement","15/06/2022"
"Titans: Season 2: Jericho","15/06/2022"
"Titans: Season 2: Bruce Wayne","14/06/2022"
"Titans: Season 2: Conner","14/06/2022"
"Titans: Season 2: Deathstroke","14/06/2022"
"Titans: Season 2: Aqualad","14/06/2022"
"Titans: Season 2: Ghosts","14/06/2022"
"Titans: Season 2: Rose","13/06/2022"
"Titans: Season 2: Trigon","13/06/2022"
"Titans: Season 1: Dick	Grayson","13/06/2022"
"Titans: Season 1: Koriand'r","13/06/2022"
"Titans: Season 1: Hank and	Dawn","13/06/2022"
"Titans: Season 1: Donna Troy","13/06/2022"
"Titans: Season 1: The Asylum","13/06/2022"
"Titans: Season 1: Jason Todd","11/06/2022"
"Titans: Season 1: Together","07/06/2022"
"Titans: Season 1: Doom Patrol","07/06/2022"
"Titans: Season 1: Origins","07/06/2022"
"Titans: Season 1: Hawk and Dove","07/06/2022"
"Titans: Season 1: Titans","06/06/2022"
"Love and Monsters","03/06/2022"
"Through My Window","30/05/2022"
"Bridgerton: Season 2: The Viscount Who Loved Me","28/05/2022"
"Bridgerton: Season 2: Harmony","28/05/2022"
"Bridgerton: Season 2: The Choice","28/05/2022"
"Bridgerton: Season 2: An Unthinkable Fate","28/05/2022"
"Bridgerton: Season 2: Victory","28/05/2022"
"Bridgerton: Season 2: A Bee in Your Bonnet","27/05/2022"
"Bridgerton: Season 2: Off to the Races","27/05/2022"
"Bridgerton: Season 2: Capital R Rake","27/05/2022"
"Bridgerton: Season 1: After the Rain","27/05/2022"
"Katt Williams: World War III","21/05/2022"
"Making The Witcher: Season 2","16/05/2022"
"The Witcher: Season 2: Family","16/05/2022"
"The Witcher: Season 2: Voleth Meir","16/05/2022"
"The Witcher: Season 2: Dear Friend...","16/05/2022"
"The Witcher: Season 2: Turn Your Back","16/05/2022"
"The Witcher: Season 2: Redanian Intelligence","16/05/2022"
"The Witcher: Season 2: What Is Lost","16/05/2022"
"The Witcher: Season 2: Kaer Morhen","16/05/2022"
"The Witcher: Season 2: A Grain of Truth","15/05/2022"
"The Witcher: Season 1: Much More","15/05/2022"
"The Witcher: Season 1: Before a Fall","15/05/2022"
"The Witcher: Season 1: Rare Species","15/05/2022"
"The Witcher: Season 1: Bottled Appetites","15/05/2022"
"The Witcher: Season 1: Of Banquets, Bastards and Burials","15/05/2022"
"The Witcher: Season 1: Betrayer Moon","15/05/2022"
"The Witcher: Season 1: Four Marks","13/05/2022"
"The Witcher: Season 1: The End’s Beginning","13/05/2022"
"Blue Exorcist: The Devil Resides in Human Souls","12/05/2022"
"Disenchantment: Part 1: A Princess, an Elf, and a Demon Walk Into a Bar","09/05/2022"
"Are You the One?: Season 6: Playing with Fire","09/05/2022"
"Are You the One?: Season 6: Love by the Numbers","09/05/2022"
"Are You the One?: Season 6: No Love in Nola","09/05/2022"
"Are You the One?: Season 6: Tale of Two Players","09/05/2022"
"Are You the One?: Season 6: Ex-tra Cray","09/05/2022"
"Are You the One?: Season 6: Sinking Relation-ships","09/05/2022"
"Are You the One?: Season 6: Don't Come at Me Crazy","08/05/2022"
"Are You the One?: Season 6: Jelly AF","07/05/2022"
"Are You the One?: Season 6: Bae-trayl","07/05/2022"
"Are You the One?: Season 6: Love in Limbo","07/05/2022"
"Are You the One?: Season 6: Shot Through the Heart","07/05/2022"
"Are You the One?: Season 6: Swipe Right for Love","06/05/2022"
"Bridgerton: Season 1: Oceans Apart","26/04/2022"
"Bridgerton: Season 1: Swish","25/04/2022"
"Bridgerton: Season 1: The Duke and I","25/04/2022"
"Bridgerton: Season 1: An Affair of Honor","24/04/2022"
"Bridgerton: Season 1: Art of the Swoon","24/04/2022"
"Bridgerton: Season 1: Shock and Delight","24/04/2022"
"Bridgerton: Season 1: Diamond of the First Water","24/04/2022"
"Human Resources: Season 1: Bad Mummies","17/04/2022"
"The Adam Project","17/04/2022"
"Scary Movie 5","17/04/2022"
"The Daily Life of the Immortal King: Episode 15","15/04/2022"
"The Daily Life of the Immortal King: Episode 14","15/04/2022"
"The Daily Life of the Immortal King: Episode 13","15/04/2022"
"The Daily Life of the Immortal King: Episode 12","15/04/2022"
"The Daily Life of the Immortal King: Episode 11","15/04/2022"
"The Daily Life of the Immortal King: Episode 10","15/04/2022"
"The Daily Life of the Immortal King: Episode 9","15/04/2022"
"The Daily Life of the Immortal King: Episode 8","15/04/2022"
"The Daily Life of the Immortal King: Episode 7","15/04/2022"
"The Daily Life of the Immortal King: Episode 6","15/04/2022"
"The Daily Life of the Immortal King: Episode 5","15/04/2022"
"The Daily Life of the Immortal King: Episode 4","15/04/2022"
"The Daily Life of the Immortal King: Episode 3","15/04/2022"
"The Daily Life of the Immortal King: Episode 2","15/04/2022"
"The Daily Life of the Immortal King: Episode 1","15/04/2022"
"Human Resources: Season 1: Training Day","15/04/2022"
"Human Resources: Season 1: Birth","15/04/2022"
"All of Us Are Dead: Season 1: Episode 12","15/04/2022"
"All of Us Are Dead: Season 1: Episode 11","14/04/2022"
"All of Us Are Dead: Season 1: Episode 10","13/04/2022"
"All of Us Are Dead: Season 1: Episode 9","10/04/2022"
"All of Us Are Dead: Season 1: Episode 8","28/03/2022"
"Raising Dion: Season 2: ISSUE #208: Who You Are","25/03/2022"
"Raising Dion: Season 2: ISSUE #207: World Without Mom","25/03/2022"
"Raising Dion: Season 2: ISSUE #206: 36 Good Hours","25/03/2022"
"Raising Dion: Season 2: ISSUE #205: You vs. Me","25/03/2022"
"Raising Dion: Season 2: ISSUE #204: With Friends Like These","25/03/2022"
"Raising Dion: Season 2: ISSUE #203: Monster Problem","12/03/2022"
"Raising Dion: Season 2: ISSUE #202: Sankofa","10/03/2022"
"Raising Dion: Season 2: ISSUE #201: A Hero Returns","07/03/2022"
"Raising Dion: Season 1: ISSUE #109: Storm Killer","07/03/2022"
"Raising Dion: Season 1: ISSUE #108: You Won't Like Him When He's Angry","07/03/2022"
"Raising Dion: Season 1: ISSUE #107: Why So Vomity?","07/03/2022"
"Raising Dion: Season 1: ISSUE #106: Super Friends","07/03/2022"
"Raising Dion: Season 1: ISSUE #105: Days of Mark's Future Past","07/03/2022"
"Raising Dion: Season 1: ISSUE #104: Welcome to BIONA. Hope You Survive the Experience","26/02/2022"
"Raising Dion: Season 1: ISSUE #103: Watch Man","26/02/2022"
"Raising Dion: Season 1: ISSUE #102: Fortress of Solitude","26/02/2022"
"Raising Dion: Season 1: ISSUE #101: How Do You Raise a Superhero?","25/02/2022"
"Are You the One?: Season 4: All or Nothing","24/02/2022"
"Are You the One?: Season 4: Third Eye Blind","24/02/2022"
"Are You the One?: Season 4: Great Ex-pectations","24/02/2022"
"Are You the One?: Season 4: Pulling Punches","24/02/2022"
"Are You the One?: Season 4: Mammas' Boys","24/02/2022"
"Are You the One?: Season 4: Beer Goggles","24/02/2022"
"Are You the One?: Season 4: Three’s a Crowd","24/02/2022"
"Are You the One?: Season 4: She Don’t Want You","24/02/2022"
"Are You the One?: Season 4: Punch Drunk Love","24/02/2022"
"Are You the One?: Season 4: Perfect Match at First Sight","23/02/2022"
"Pete Davidson: Alive From New York","10/02/2022"
"All of Us Are Dead: Season 1: Episode 7","03/02/2022"
"All of Us Are Dead: Season 1: Episode 6","03/02/2022"
"All of Us Are Dead: Season 1: Episode 5","02/02/2022"
"All of Us Are Dead: Season 1: Episode 4","02/02/2022"
"All of Us Are Dead: Season 1: Episode 3","02/02/2022"
"All of Us Are Dead: Season 1: Episode 2","02/02/2022"
"All of Us Are Dead: Season 1: Episode 1","31/01/2022"
"Red Notice","16/01/2022"
"Legion","16/01/2022"
"Photocopier","16/01/2022"
"Sense8: Season 2: Who Am I?","06/01/2022"
"Sense8: Season 2: Happy F*cking New Year.","06/01/2022"
"Crawl","04/01/2022"
"Jimmy Carr: His Dark Material","04/01/2022"
"Cobra Kai: Season 4: The Rise","02/01/2022"
"Cobra Kai: Season 4: The Fall","02/01/2022"
"Cobra Kai: Season 4: Party Time","02/01/2022"
"Cobra Kai: Season 4: Minefields","02/01/2022"
"Cobra Kai: Season 4: Kicks Get Chicks","02/01/2022"
"Cobra Kai: Season 4: Match Point","02/01/2022"
"Cobra Kai: Season 4: Bicephaly","02/01/2022"
"Cobra Kai: Season 4: Then Learn Fly","02/01/2022"
"Cobra Kai: Season 4: First Learn Stand","02/01/2022"
"Cobra Kai: Season 4: Let's Begin","01/01/2022"
"Sense8: Season 1: I Can’t Leave Her","27/12/2021"
"Sense8: Season 1: Just Turn the Wheel and the Future Changes","27/12/2021"
"Sense8: Season 1: What Is Human?","25/12/2021"
"Sense8: Season 1: Death Doesn’t Let You Say Goodbye","25/12/2021"
"Sense8: Season 1: We Will All Be Judged by the Courage of Our Hearts","25/12/2021"
"Sense8: Season 1: W. W. N. Double D?","25/12/2021"
"Sense8: Season 1: Demons","25/12/2021"
"Sense8: Season 1: Art Is Like Religion","25/12/2021"
"Sense8: Season 1: What’s Going On?","25/12/2021"
"Sense8: Season 1: Smart Money Is on the Skinny Bitch","21/12/2021"
"Sense8: Season 1: I Am Also a We","21/12/2021"
"Anonymously Yours","21/12/2021"
"Sense8: Season 1: Limbic Resonance","08/12/2021"
"Arcane: The Monster You Created","26/11/2021"
"Arcane: Oil and Water","20/11/2021"
"Arcane: The Boy Savior","20/11/2021"
"What Men Want","14/11/2021"
"Arcane: When These Walls Come Tumbling Down","13/11/2021"
"Arcane: Everybody Wants to Be My Enemy","13/11/2021"
"Arcane: Happy Progress Day!","13/11/2021"
"Vampire Academy","11/11/2021"
"Big Mouth: Season 5: Re-New Year's Eve","11/11/2021"
"Arcane: The Base Violence Necessary for Change","07/11/2021"
"Arcane: Some Mysteries Are Better Left Unsolved","07/11/2021"
"Arcane: Welcome to the Playground","07/11/2021"
"Big Mouth: Season 5: Sugarbush","06/11/2021"
"Big Mouth: Season 5: A Very Big Mouth Christmas","06/11/2021"
"Big Mouth: Season 5: I F**king Hate You","06/11/2021"
"Big Mouth: Season 5: Best Friends Make the Best Lovers","06/11/2021"
"Big Mouth: Season 5: Thanksgiving","06/11/2021"
"Big Mouth: Season 5: The Green-Eyed Monster","06/11/2021"
"Big Mouth: Season 5: Lovebugs","06/11/2021"
"Big Mouth: Season 5: The Shane Lizard Rises","05/11/2021"
"Big Mouth: Season 5: No Nut November","05/11/2021"
"The Boy Next Door","26/10/2021"
"Dave Chappelle: The Closer","26/10/2021"
"Night Teeth","25/10/2021"
"Oh, Ramona!","10/10/2021"
"Swiped","06/10/2021"
"Squid Game: Season 1: One Lucky Day","05/10/2021"
"Squid Game: Season 1: Front Man","04/10/2021"
"Squid Game: Season 1: VIPS","04/10/2021"
"Squid Game: Season 1: Gganbu","04/10/2021"
"Squid Game: Season 1: A Fair World","04/10/2021"
"Squid Game: Season 1: Stick to the Team","04/10/2021"
"Squid Game: Season 1: The Man with the Umbrella","04/10/2021"
"Squid Game: Season 1: Hell","04/10/2021"
"Squid Game: Season 1: Red Light, Green Light","04/10/2021"
"Lucifer: Season 6: Partners 'Til the End","25/09/2021"
"Lucifer: Season 6: Goodbye, Lucifer","25/09/2021"
"365 Days","25/09/2021"
"Lucifer: Season 6: Save the Devil, Save the World","24/09/2021"
"Lucifer: Season 6: My Best Fiend's Wedding","24/09/2021"
"Lucifer: Season 6: A Lot Dirtier Than That","24/09/2021"
"Lucifer: Season 6: The Murder of Lucifer Morningstar","24/09/2021"
"Lucifer: Season 6: Pin the Tail on the Daddy","23/09/2021"
"Lucifer: Season 6: Yabba Dabba Do Me","23/09/2021"
"Lucifer: Season 6: Buckets of Baggage","17/09/2021"
"Lucifer: Season 6: Nothing Ever Changes Around Here","17/09/2021"
"Work It","13/09/2021"
"Afterlife of the Party","13/09/2021"
"Parasyte: The Maxim: Freezing Point","03/09/2021"
"Parasyte: The Maxim: A Dark Night's Passing","03/09/2021"
"Parasyte: The Maxim: The Sun Also Rises","03/09/2021"
"Parasyte: The Maxim: The Stranger","02/09/2021"
"Parasyte: The Maxim: Tangled Hair","02/09/2021"
"Parasyte: The Maxim: Symposium","02/09/2021"
"Parasyte: The Maxim: The Devil in the Flesh","02/09/2021"
"Parasyte: The Maxim: The Metamorphosis","02/09/2021"
"To All The Boys: Always And Forever","30/08/2021"
"To All the Boys: P.S. I Still Love You","30/08/2021"
"To All the Boys I’ve Loved Before","30/08/2021"
"Spider-Man: Homecoming","29/08/2021"
"Sam & Cat: #BabysitterWar","21/08/2021"
"Sam & Cat: #TheBritBrats","21/08/2021"
"Sam & Cat: #NewGoat","21/08/2021"
"Sam & Cat: #FavoriteShow","21/08/2021"
"Sam & Cat: #Pilot","21/08/2021"
"Sam & Cat: #GettingWiggy","21/08/2021"
"The Kissing Booth 3","14/08/2021"
"The Kissing Booth 2","12/08/2021"
"The Kissing Booth","12/08/2021"
"The Queen's Gambit: Limited Series: End Game","08/08/2021"
"The Queen's Gambit: Limited Series: Adjournment","08/08/2021"
"The Queen's Gambit: Limited Series: Fork","08/08/2021"
"The Queen's Gambit: Limited Series: Openings","08/08/2021"
"The Last Mercenary","06/08/2021"
"Insatiable: Season 1: Pilot","06/08/2021"
"Resort to Love","03/08/2021"
"Wish Dragon","02/08/2021"
"Never Have I Ever: Season 2: ... been a perfect girl","01/08/2021"
"Never Have I Ever: Season 2: ... stalked my own mother","01/08/2021"
"Never Have I Ever: Season 2: ... been Daisy Buchanan","01/08/2021"
"Never Have I Ever: Season 2: ... begged for forgiveness","31/07/2021"
"Never Have I Ever: Season 2: ... betrayed a friend","31/07/2021"
"Never Have I Ever: Season 2: ... ruined someone's life","31/07/2021"
"Never Have I Ever: Season 2: ... had an Indian frenemy","31/07/2021"
"Never Have I Ever: Season 2: ... opened a textbook","31/07/2021"
"Never Have I Ever: Season 2: ... thrown a rager","31/07/2021"
"Never Have I Ever: Season 2: ... been a playa","31/07/2021"
"Never Have I Ever: Season 1: ... said I'm sorry","31/07/2021"
"Never Have I Ever: Season 1: ... had to be on my best behavior","31/07/2021"
"Never Have I Ever: Season 1: ... pissed off everyone I know","31/07/2021"
"Never Have I Ever: Season 1: ... been a big, fat liar","31/07/2021"
"Never Have I Ever: Season 1: ... been the loneliest boy in the world","31/07/2021"
"Never Have I Ever: Season 1: ... started a nuclear war","31/07/2021"
"Never Have I Ever: Season 1: ... felt super Indian","31/07/2021"
"Never Have I Ever: Season 1: ... gotten drunk with the popular kids","31/07/2021"
"Never Have I Ever: Season 1: ... had sex with Paxton Hall-Yoshida","31/07/2021"
"Never Have I Ever: Season 1: Pilot","30/07/2021"
"Demon Slayer: Kimetsu no Yaiba: Tanjiro Kamado, Unwavering Resolve Arc: Mount Natagumo","04/07/2021"
"Demon Slayer: Kimetsu no Yaiba: Tanjiro Kamado, Unwavering Resolve Arc: The House with the Wisteria Family Crest","04/07/2021"
"Demon Slayer: Kimetsu no Yaiba: Tanjiro Kamado, Unwavering Resolve Arc: Something More Important Than Life","04/07/2021"
"Demon Slayer: Kimetsu no Yaiba: Tanjiro Kamado, Unwavering Resolve Arc: The Boar Bares Its Fangs, Zenitsu Sleeps","04/07/2021"
"Demon Slayer: Kimetsu no Yaiba: Tanjiro Kamado, Unwavering Resolve Arc: Tsuzumi Mansion","04/07/2021"
"Demon Slayer: Kimetsu no Yaiba: Tanjiro Kamado, Unwavering Resolve Arc: Together Forever","04/07/2021"
"Big Mouth: Season 4: What Are You Gonna Do?","04/07/2021"
"Big Mouth: Season 4: Horrority House","04/07/2021"
"Big Mouth: Season 4: The Funeral","04/07/2021"
"Big Mouth: Season 4: Four Stories About Hand Stuff","04/07/2021"
"Big Mouth: Season 4: Nick Starr","04/07/2021"
"Big Mouth: Season 4: A Very Special 9/11 Episode","04/07/2021"
"Big Mouth: Season 4: Cafeteria Girls","04/07/2021"
"Big Mouth: Season 4: Poop Madness","04/07/2021"
"Big Mouth: Season 4: The Hugest Period Ever","04/07/2021"
"Big Mouth: Season 4: The New Me","04/07/2021"
"Demon Slayer: Kimetsu no Yaiba: Tanjiro Kamado, Unwavering Resolve Arc: Temari Demon and Arrow Demon","03/07/2021"
"Demon Slayer: Kimetsu no Yaiba: Tanjiro Kamado, Unwavering Resolve Arc: The Smell of Enchanting Blood","03/07/2021"
"Demon Slayer: Kimetsu no Yaiba: Tanjiro Kamado, Unwavering Resolve Arc: Muzan Kibutsuji","03/07/2021"
"Rick and Morty: Season 4: Edge of Tomorty: Rick Die Rickpeat","28/06/2021"
"Demon Slayer: Kimetsu no Yaiba: Tanjiro Kamado, Unwavering Resolve Arc: Swordsman Accompanying a Demon","27/06/2021"
"Demon Slayer: Kimetsu no Yaiba: Tanjiro Kamado, Unwavering Resolve Arc: My Own Steel","27/06/2021"
"Demon Slayer: Kimetsu no Yaiba: Tanjiro Kamado, Unwavering Resolve Arc: Final Selection","27/06/2021"
"Demon Slayer: Kimetsu no Yaiba: Tanjiro Kamado, Unwavering Resolve Arc: Sabito and Makomo","27/06/2021"
"Demon Slayer: Kimetsu no Yaiba: Tanjiro Kamado, Unwavering Resolve Arc: Trainer Sakonji Urokodaki","27/06/2021"
"Demon Slayer: Kimetsu no Yaiba: Tanjiro Kamado, Unwavering Resolve Arc: Cruelty","27/06/2021"
"Fatherhood","19/06/2021"
"Record of Ragnarok: Season 1: And Ragnarok Goes On","19/06/2021"
"Record of Ragnarok: Season 1: The Swallow Gazes into the Abyss","19/06/2021"
"Record of Ragnarok: Season 1: Greatest Loser","19/06/2021"
"Record of Ragnarok: Season 1: Tyrant of the Ocean","19/06/2021"
"Record of Ragnarok: Season 1: Grace Abounding","19/06/2021"
"Record of Ragnarok: Season 1: Expelled from Paradise","19/06/2021"
"Record of Ragnarok: Season 1: Great Emulation","19/06/2021"
"Record of Ragnarok: Season 1: FILE No.00000000001","19/06/2021"
"Record of Ragnarok: Season 1: Joy","19/06/2021"
"Record of Ragnarok: Season 1: Killer Move","19/06/2021"
"Record of Ragnarok: Season 1: Worthy Opponent","18/06/2021"
"Record of Ragnarok: Season 1: Ragnarok","18/06/2021"
"Teen Wolf: Season 4: 117","11/06/2021"
"Teen Wolf: Season 4: The Dark Moon","11/06/2021"
"Teen Wolf: Season 3: The Divine Move","06/06/2021"
"Teen Wolf: Season 3: Insatiable","06/06/2021"
"Teen Wolf: Season 3: De-Void","06/06/2021"
"Teen Wolf: Season 3: The Fox and the Wolf","06/06/2021"
"Teen Wolf: Season 3: Echo House","06/06/2021"
"Teen Wolf: Season 3: Letharia Vulpina","06/06/2021"
"Teen Wolf: Season 3: Riddled","06/06/2021"
"Teen Wolf: Season 3: Silverfinger","05/06/2021"
"Teen Wolf: Season 3: Illuminated","05/06/2021"
"Teen Wolf: Season 3: Galvanize","05/06/2021"
"Teen Wolf: Season 3: More Bad Than Good","05/06/2021"
"Teen Wolf: Season 3: Anchors","05/06/2021"
"Teen Wolf: Season 3: Lunar Ellipse","05/06/2021"
"Teen Wolf: Season 3: Alpha Pact","05/06/2021"
"Teen Wolf: Season 3: The Overlooked","05/06/2021"
"Teen Wolf: Season 3: The Girl Who Knew Too Much","05/06/2021"
"Teen Wolf: Season 3: Visionary","05/06/2021"
"Teen Wolf: Season 3: Currents","02/06/2021"
"Teen Wolf: Season 3: Motel California","02/06/2021"
"Teen Wolf: Season 3: Frayed","02/06/2021"
"Teen Wolf: Season 3: Unleashed","02/06/2021"
"Lucifer: Season 5: A Chance at a Happy Ending","30/05/2021"
"Lucifer: Season 5: Is This Really How It's Going to End?!","30/05/2021"
"Lucifer: Season 5: Nothing Lasts Forever","30/05/2021"
"Lucifer: Season 5: A Little Harmless Stalking","30/05/2021"
"Lucifer: Season 5: Daniel Espinoza: Naked and Afraid","29/05/2021"
"Lucifer: Season 5: Resting Devil Face","29/05/2021"
"Lucifer: Season 5: Bloody Celestial Karaoke Jam","29/05/2021"
"Lucifer: Season 5: Family Dinner","29/05/2021"
"Paradise PD: Part 1: Welcome to Paradise","26/05/2021"
" : Episode 2","24/05/2021"
" : Episode 1","24/05/2021"
"Sam & Cat: #DroneBabyDrone","24/05/2021"
"Victorious: Sleepover at Sikowitz's","24/05/2021"
"Victorious: A Film By Dale Squires","24/05/2021"
"Victorious: The Wood","24/05/2021"
"Victorious: Wok Star","22/05/2021"
"Victorious: The Diddly-Bops","22/05/2021"
"Victorious: Rex Dies","22/05/2021"
"Victorious: Freak the Freak Out: Part 2","22/05/2021"
"Victorious: Freak the Freak Out: Part 1","22/05/2021"
"Victorious: Cat's New Boyfriend","22/05/2021"
"Army of the Dead","21/05/2021"
"Victorious: The Great Ping-Pong Scam","20/05/2021"
"Victorious: Beck's Big Break","20/05/2021"
"Victorious: Wi-Fi in the Sky","19/05/2021"
"Victorious: Survival of the Hottest","16/05/2021"
"Victorious: Robarazzi","16/05/2021"
"Victorious: Tori the Zombie","13/05/2021"
"Victorious: Jade Dumps Beck","05/05/2021"
"Sexify: Season 1: Episode 8","05/05/2021"
"Victorious: The Birthweek Song","05/05/2021"
"Sexify: Season 1: Episode 7","30/04/2021"
"Sexify: Season 1: Episode 6","30/04/2021"
"Victorious: Stage Fighting","30/04/2021"
"Victorious: The Bird Scene","30/04/2021"
"Victorious: Pilot","30/04/2021"
"Sexify: Season 1: Episode 5","29/04/2021"
"Sexify: Season 1: Episode 4","28/04/2021"
"Sexify: Season 1: Episode 3","28/04/2021"
"Sexify: Season 1: Episode 2","28/04/2021"
"Sexify: Season 1: Episode 1","28/04/2021"
"Teen Wolf: Season 3: Fireflies","24/04/2021"
"Teen Wolf: Season 3: Chaos Rising","24/04/2021"
"Teen Wolf: Season 3: Tattoo","24/04/2021"
"Teen Wolf: Season 2: Master Plan","24/04/2021"
"Teen Wolf: Season 2: Battlefield","24/04/2021"
"Teen Wolf: Season 2: Fury","21/04/2021"
"Teen Wolf: Season 2: Party Guessed","20/04/2021"
"Teen Wolf: Season 2: Raving","20/04/2021"
"Teen Wolf: Season 2: Restraint","19/04/2021"
"Chappelle's Show: Season 1: Piss on You & The World's Greatest Wars","05/04/2021"
"Chappelle's Show: Season 1: Blackzilla & Playa Haters' Ball","05/04/2021"
"Chappelle's Show: Season 1: Tyrone Biggums's Intervention & Racist Hollywood Animals","05/04/2021"
"Chappelle's Show: Season 1: Real Movies & Wu-Tang Financial","05/04/2021"
"Chappelle's Show: Season 1: Mad Real World & Ask a Gay Dude","05/04/2021"
"Chappelle's Show: Season 1: Great Moments in Hookup History & Ask a Black Dude","05/04/2021"
"Chappelle's Show: Season 1: Reparations & NY Boobs","05/04/2021"
"Chappelle's Show: Season 1: Zapped & It's a Wonderful Chest","05/04/2021"
"Chappelle's Show: Season 1: Tyrone Biggums at School & Wrap It Up Box","05/04/2021"
"Chappelle's Show: Season 1: PopCopy & Clayton Bigsby","04/04/2021"
"Chappelle's Show: Season 2: Samuel Jackson Beer & Racial Draft","04/04/2021"
"Chappelle's Show: Season 1: O'Dweeds & Trading Spouses","04/04/2021"
"Chappelle's Show: Season 1: Make-A-Wish & Fisticuff","04/04/2021"
"Teen Wolf: Season 2: Frenemy","29/03/2021"
"Ted","27/03/2021"
"Teen Wolf: Season 2: Venomous","25/03/2021"
"Teen Wolf: Season 2: Abomination","25/03/2021"
"Teen Wolf: Season 2: Ice Pick","25/03/2021"
"Teen Wolf: Season 2: Shape Shifted","25/03/2021"
"Teen Wolf: Season 2: Omega","25/03/2021"
"Teen Wolf: Season 1: Code Breaker","22/03/2021"
"Teen Wolf: Season 1: Formality","21/03/2021"
"Teen Wolf: Season 1: Co-Captain","21/03/2021"
"Kong: Skull Island","20/03/2021"
"Always Be My Maybe","20/03/2021"
"Teen Wolf: Season 1: Wolf's Bane","20/03/2021"
"Teen Wolf: Season 1: Lunatic","20/03/2021"
"Teen Wolf: Season 1: Night School","20/03/2021"
"Teen Wolf: Season 1: Heart Monitor","20/03/2021"
"Teen Wolf: Season 1: The Tell","20/03/2021"
"Teen Wolf: Season 1: Magic Bullet","20/03/2021"
"Teen Wolf: Season 1: Pack Mentality","20/03/2021"
"Teen Wolf: Season 1: Second Chance at First Line","19/03/2021"
"Teen Wolf: Season 1: Wolf Moon","19/03/2021"
"Cobra Kai: Season 3: December 19","16/03/2021"
"Cobra Kai: Season 3: Feel the Night","16/03/2021"
"Cobra Kai: Season 3: The Good, The Bad, and The Badass","16/03/2021"
"Cobra Kai: Season 3: Obstáculos","16/03/2021"
"Cobra Kai: Season 3: King Cobra","16/03/2021"
"Cobra Kai: Season 3: Miyagi-Do","16/03/2021"
"Cobra Kai: Season 3: The Right Path","16/03/2021"
"Cobra Kai: Season 3: Now You’re Gonna Pay","16/03/2021"
"Cobra Kai: Season 3: Nature Vs. Nurture","16/03/2021"
"Cobra Kai: Season 3: Aftermath","16/03/2021"
"Cobra Kai: Season 2: No Mercy","16/03/2021"
"Cobra Kai: Season 2: Pulpo","16/03/2021"
"Cobra Kai: Season 2: Glory of Love","15/03/2021"
"Cobra Kai: Season 2: Lull","15/03/2021"
"Cobra Kai: Season 2: Take a Right","15/03/2021"
"Cobra Kai: Season 2: All In","15/03/2021"
"Cobra Kai: Season 2: The Moment of Truth","15/03/2021"
"Cobra Kai: Season 2: Fire and Ice","15/03/2021"
"Cobra Kai: Season 2: Back in Black","15/03/2021"
"Cobra Kai: Season 2: Mercy, Part II","15/03/2021"
"Cobra Kai: Season 1: Mercy","15/03/2021"
"Cobra Kai: Season 1: Different But Same","14/03/2021"
"Cobra Kai: Season 1: Molting","14/03/2021"
"Cobra Kai: Season 1: All Valley","14/03/2021"
"Cobra Kai: Season 1: Quiver","14/03/2021"
"Cobra Kai: Season 1: Counterbalance","14/03/2021"
"Cobra Kai: Season 1: Cobra Kai Never Dies","14/03/2021"
"Cobra Kai: Season 1: Esqueleto","14/03/2021"
